date,id,title,description,attributes
–°—å–æ–≥–æ–¥–Ω—ñ –æ 11:49,776380640,–°–¥–∞–º –¥–≤—É—Ö–∫–æ–º–Ω–∞—Ç–Ω—É—é –∫–≤–∞—Ä—Ç–∏—Ä—É —Å–¥–∞—á–∞,"–°–¥–∞–º –∫–≤–∞—Ä—Ç–∏—Ä—É —É–ª. –ê–ª–µ–∫—Å–∞–Ω–¥—Ä–∞ –ö–æ–Ω–∏—Å–∫–æ–≥–æ(–í–æ–ª–æ–¥–∞—Ä—Å–∫–æ–≥–æ)1/26
–î–≤–µ –∫–æ–º–Ω–∞—Ç—ã
–°–∞–Ω—É–∑–µ–ª 
–ö—É—Ö–Ω—è
–°—Ç–∏—Ä–∞–ª—å–Ω–∞—è –º–∞—à–∏–Ω–∞
–•–æ–ª–æ–¥–∏–ª—å–Ω–∏–∫
5000+–∑–∞–ª–æ–≥+–∫–æ–º.—É—Å–ª—É–≥–∏","[<p class=""css-65jx20-TextStyled er34gjf0""><span>–ü—Ä–∏–≤–∞—Ç–Ω–∞ –æ—Å–æ–±–∞</span></p>, <p class=""css-65jx20-TextStyled er34gjf0"">–¢–∏–ø –±—É–¥–∏–Ω–∫—É: –°—Ç–∞–ª—ñ–Ω–∫–∞</p>, <p class=""css-65jx20-TextStyled er34gjf0"">–ü–æ–≤–µ—Ä—Ö: 1</p>, <p class=""css-65jx20-TextStyled er34gjf0"">–ü–æ–≤–µ—Ä—Ö–æ–≤—ñ—Å—Ç—å: 2</p>, <p class=""css-65jx20-TextStyled er34gjf0"">–ó–∞–≥–∞–ª—å–Ω–∞ –ø–ª–æ—â–∞: 29.60 –º¬≤</p>, <p class=""css-65jx20-TextStyled er34gjf0"">–ü–ª–æ—â–∞ –∫—É—Ö–Ω—ñ: 5.10 –º¬≤</p>, <p class=""css-65jx20-TextStyled er34gjf0"">–¢–∏–ø —Å—Ç—ñ–Ω: –¶–µ–≥–ª—è–Ω–∏–π</p>, <p class=""css-65jx20-TextStyled er34gjf0"">–ö—ñ–ª—å–∫—ñ—Å—Ç—å –∫—ñ–º–Ω–∞—Ç: 2 –∫—ñ–º–Ω–∞—Ç–∏</p>, <p class=""css-65jx20-TextStyled er34gjf0"">C–∞–Ω–≤—É–∑–æ–ª: –°—É–º—ñ–∂–Ω–∏–π</p>, <p class=""css-65jx20-TextStyled er34gjf0"">–û–ø–∞–ª–µ–Ω–Ω—è: –Ü–Ω–¥–∏–≤—ñ–¥—É–∞–ª—å–Ω–µ –µ–ª–µ–∫—Ç—Ä–æ</p>, <p class=""css-65jx20-TextStyled er34gjf0"">–†–µ–º–æ–Ω—Ç: –ñ–∏—Ç–ª–æ–≤–∏–π —Å—Ç–∞–Ω</p>, <p class=""css-65jx20-TextStyled er34gjf0"">–ú–µ–±–ª—é–≤–∞–Ω–Ω—è: –ó –º–µ–±–ª—è–º–∏</p>, <p class=""css-65jx20-TextStyled er34gjf0"">–ö–æ–º—É–Ω—ñ–∫–∞—Ü—ñ—ó: –¶–µ–Ω—Ç—Ä–∞–ª—å–Ω–∞ –∫–∞–Ω–∞–ª—ñ–∑–∞—Ü—ñ—è, –ï–ª–µ–∫—Ç—Ä–∏–∫–∞, –í–∏–≤—ñ–∑ –≤—ñ–¥—Ö–æ–¥—ñ–≤</p>, <p class=""css-65jx20-TextStyled er34gjf0"">–Ü–Ω—Ñ—Ä–∞—Å—Ç—Ä—É–∫—Ç—É—Ä–∞ (–¥–æ 500 –º–µ—Ç—Ä—ñ–≤): –î–∏—Ç—è—á–∏–π —Å–∞–¥–æ–∫, –†–∏–Ω–æ–∫, –®–∫–æ–ª–∞, –ú–∞–≥–∞–∑–∏–Ω, –∫—ñ–æ—Å–∫, –ó—É–ø–∏–Ω–∫–∞ —Ç—Ä–∞–Ω—Å–ø–æ—Ä—Ç—É</p>, <p class=""css-65jx20-TextStyled er34gjf0"">–£—Å—ñ –æ–≥–æ–ª–æ—à–µ–Ω–Ω—è –∞–≤—Ç–æ—Ä–∞<style data-emotion-css=""d7r8uj"">.css-d7r8uj{height:16px;width:16px;color:#002F34;}</style><svg class=""css-d7r8uj"" height=""1em"" viewbox=""0 0 24 24"" width=""1em"" xmlns=""http://www.w3.org/2000/svg""><path d=""M7 2v1.414l1.271 1.27L15.586 12l-7.315 7.315L7 20.585V22h1.414l1.27-1.271L17 13.414l1-1v-.827l-3.942-3.942v-.001L9.686 3.271 8.413 2z"" fill=""currentColor"" fill-rule=""evenodd""></path></svg></p>]"
–°—å–æ–≥–æ–¥–Ω—ñ –æ 11:38,776381397,–°–¥–∞–º 2 –∫–≤–∞—Ä—Ç–∏—Ä—É –Ω–∞ –õ–µ–≤–æ–±–µ—Ä–µ–∂–Ω–æ–º-2,"–¶–µ–Ω–∞ –∞—Ä–µ–Ω–¥—ã 7500 –≥—Ä–Ω –≤–æ–∑–º–æ–∂–µ–Ω —Ç–æ—Ä–≥ –Ω–∞ –º–µ—Å—Ç–µ.

–°–¥–∞–º 2-–∫ –∫–≤–∞—Ä—Ç–∏—Ä—É –Ω–∞ –ö—Ä—É—à–µ–ª—å–Ω–∏—Ü–∫–æ–π, –õ–µ–≤–æ–±–µ—Ä–µ–∂–Ω—ã–π-2.

–•–æ—Ä–æ—à–µ–µ –∂–∏–ª–æ–µ —Å–æ—Å—Ç–æ—è–Ω–∏–µ, –∫–≤–∞—Ä—Ç–∏—Ä–∞ —Å–≤–µ—Ç–ª–∞—è, —á–∏—Å—Ç–∞—è, –∞–∫–∫—É—Ä–∞—Ç–Ω–∞—è. –£—Å—Ç–∞–Ω–æ–≤–ª–µ–Ω—ã –ú–ü –æ–∫–Ω–∞, –∫–æ—Å–º–µ—Ç–∏–∫–∞.
 –°–∞–Ω—É–∑–µ–ª —Ä–∞–∑–¥–µ–ª—å–Ω—ã–π (—Å–æ–≤–µ—Ç—Å–∫–∏–π –∫–∞—Ñ–µ–ª—å).

–ï—Å—Ç—å –≤—Å—è –Ω–µ–æ–±—Ö–æ–¥–∏–º–∞—è –º–µ–±–µ–ª—å –∏ —Ç–µ—Ö–Ω–∏–∫–∞.

–ú–æ–∂–Ω–æ —Å –¥–µ—Ç–∫–∞–º–∏, –º–µ–ª–∫–∏–º –¥–æ–º–∞—à–Ω–∏–º –ø–∏—Ç–æ–º—Ü–µ–º.

–î–æ–º –û–°–ë–ë, –ª–∏—Ñ—Ç —Ä–∞–±–æ—Ç–∞–µ—Ç, –ø–æ–¥—ä–µ–∑–¥ —á–∏—Å—Ç—ã–π, –¥–µ—Ç—Å–∫–∞—è –ø–ª–æ—â–∞–¥–∫–∞ –≤–æ –¥–≤–æ—Ä–µ.
–†—è–¥–æ–º —à–∫–æ–ª–∞ –∏ 3 –¥–µ—Ç—Å–∞–¥–∞, –≥–∏–º–Ω–∞–∑–∏—è ‚Ññ131, —Å—É–ø–µ—Ä–º–∞—Ä–∫–µ—Ç—ã, –æ—Å—Ç–∞–Ω–æ–≤–∫–∏.","[<p class=""css-65jx20-TextStyled er34gjf0""><span>–ë—ñ–∑–Ω–µ—Å</span></p>, <p class=""css-65jx20-TextStyled er34gjf0"">–ì–æ—Ç–æ–≤–∏–π —Å–ø—ñ–≤–ø—Ä–∞—Ü—é–≤–∞—Ç–∏ –∑ —Ä—ñ–µ–ª—Ç–æ—Ä–∞–º–∏</p>, <p class=""css-65jx20-TextStyled er34gjf0"">–ü–æ–≤–µ—Ä—Ö: 8</p>, <p class=""css-65jx20-TextStyled er34gjf0"">–ü–æ–≤–µ—Ä—Ö–æ–≤—ñ—Å—Ç—å: 9</p>, <p class=""css-65jx20-TextStyled er34gjf0"">–ó–∞–≥–∞–ª—å–Ω–∞ –ø–ª–æ—â–∞: 45 –º¬≤</p>, <p class=""css-65jx20-TextStyled er34gjf0"">–ü–ª–æ—â–∞ –∫—É—Ö–Ω—ñ: 8 –º¬≤</p>, <p class=""css-65jx20-TextStyled er34gjf0"">–î–æ–º–∞—à–Ω—ñ —É–ª—é–±–ª–µ–Ω—Ü—ñ: –¢–∞–∫, –∫–æ—Ç–∏–∫ üò∏, –¢–∞–∫, –º–∞–ª–µ–Ω—å–∫–∏–π –ø–µ—Å–∏–∫(–¥–æ 10 –∫–≥) üêï</p>, <p class=""css-65jx20-TextStyled er34gjf0"">–ö—ñ–ª—å–∫—ñ—Å—Ç—å –∫—ñ–º–Ω–∞—Ç: 2 –∫—ñ–º–Ω–∞—Ç–∏</p>, <p class=""css-65jx20-TextStyled er34gjf0"">–ú–µ–±–ª—é–≤–∞–Ω–Ω—è: –ó –º–µ–±–ª—è–º–∏</p>, <p class=""css-65jx20-TextStyled er34gjf0"">–î–æ–¥–∞—Ç–∫–æ–≤–æ: –ú–æ–∂–Ω–∞ –∑ –¥—ñ—Ç—å–º–∏, –ú–æ–∂–Ω–∞ –∑ —Ç–≤–∞—Ä–∏–Ω–∞–º–∏</p>, <p class=""css-65jx20-TextStyled er34gjf0"">–£—Å—ñ –æ–≥–æ–ª–æ—à–µ–Ω–Ω—è –∞–≤—Ç–æ—Ä–∞<style data-emotion-css=""d7r8uj"">.css-d7r8uj{height:16px;width:16px;color:#002F34;}</style><svg class=""css-d7r8uj"" height=""1em"" viewbox=""0 0 24 24"" width=""1em"" xmlns=""http://www.w3.org/2000/svg""><path d=""M7 2v1.414l1.271 1.27L15.586 12l-7.315 7.315L7 20.585V22h1.414l1.27-1.271L17 13.414l1-1v-.827l-3.942-3.942v-.001L9.686 3.271 8.413 2z"" fill=""currentColor"" fill-rule=""evenodd""></path></svg></p>]"
–°—å–æ–≥–æ–¥–Ω—ñ –æ 11:30,772658912,"–°–¥–∞–º –±–æ–ª—å—à—É—é 1 –∫–æ–º/–∫–≤–∞—Ä—Ç–∏—Ä—É –≤ –¶–µ–Ω—Ç—Ä–µ, —É–ª. –ö–Ω—è–∑—è –Ø—Ä–æ—Å–ª–∞–≤–∞ –ú—É–¥—Ä–æ–≥–æ","–°–¥–∞–º –±–æ–ª—å—à—É—é 1 –∫–æ–º/–∫–≤–∞—Ä—Ç–∏—Ä—É –≤ –¶–µ–Ω—Ç—Ä–µ, —É–ª. –ö–Ω—è–∑—è –Ø—Ä–æ—Å–ª–∞–≤–∞ –ú—É–¥—Ä–æ–≥–æ
–ü–µ—Ä–≤–∞—è —Å–¥–∞—á–∞ –ø–æ—Å–ª–µ —Ä–µ–º–æ–Ω—Ç–∞.
–í –∫–≤–∞—Ä—Ç–∏—Ä–µ –∞–≤—Ç–æ–Ω–æ–º–Ω–æ–µ –æ—Ç–æ–ø–ª–µ–Ω–∏–µ. 
–ö–≤–∞—Ä—Ç–∏—Ä–∞ —Å–¥–∞–µ—Ç—Å—è —É–∫–æ–º–ø–ª–µ–∫—Ç–æ–≤–∞–Ω–Ω–∞—è  –Ω–æ–≤–æ–π –Ω–µ–æ–±—Ö–æ–¥–∏–º–æ–π –º–µ–±–µ–ª—å—é –∏ —Ç–µ—Ö–Ω–∏–∫–æ–π. 
–ö—É—Ö–Ω—è –≤—Å—Ç—Ä–æ–µ–Ω–Ω–∞—è, —Ö–æ–ª–æ–¥–∏–ª—å–Ω–∏–∫, –ø–µ—á—å –≥–∞–∑–æ–≤–∞—è, –º–∏–∫—Ä–æ–≤–æ–ª–Ω–æ–≤–∫–∞, —Å—Ç–∏—Ä–∞–ª—å–Ω–∞—è –º–∞—à–∏–Ω–∫–∞, –Ω–æ–≤—ã–π –¥–∏–≤–∞–Ω, –Ω–æ–≤–∞—è –∫—Ä–æ–≤–∞—Ç—å, –Ω–æ–≤—ã–π —à–∫–∞—Ñ, —Å—Ç–æ–ª, —Ç–µ–ª–µ–≤–∏–∑–æ—Ä, Wi-Fi.
–û–∫–Ω–∞ –≤—ã—Ö–æ–¥—è—Ç –≤ —Ç–∏—Ö–∏–π –∑–∞–∫—Ä—ã—Ç—ã–π –¥–≤–æ—Ä.
–•–æ—Ä–æ—à–µ–µ —Ä–∞—Å–ø–æ–ª–æ–∂–µ–Ω–∏–µ.
–í —à–∞–≥–æ–≤–æ–π –¥–æ—Å—Ç—É–ø–Ω–æ—Å—Ç–∏ –¶–µ–Ω—Ç—Ä, –ù–∞–±–µ—Ä–µ–∂–Ω–∞—è, –û–∑–µ—Ä–∫–∞, –°—Ç–∞—Ä–æ–º–æ—Å—Ç–æ–≤–∞—è –ø–ª–æ—â–∞–¥—å, –ü–∞—Å—Ç–µ—Ä–∞, –î–º–∏—Ç—Ä–∏—è –Ø–≤–æ—Ä–Ω–∏—Ü–∫–æ–≥–æ, –í–æ–∫–∑–∞–ª—å–Ω–∞—è, –ö–Ω—è–≥–∏–Ω–∏ –û–ª—å–≥–∏ 
–†—è–¥–æ–º —É–¥–æ–±–Ω–∞—è –∏–Ω—Ñ—Ä–∞—Å—Ç—Ä—É–∫—Ç—É—Ä–∞ —Ä—ã–Ω–æ–∫,  –º–∞–≥–∞–∑–∏–Ω—ã, –ê–¢–ë, –°–∏–ª—å–ø–æ, –í–∞—Ä—É—Å, –∞–ø—Ç–µ–∫–∏, –±–∞–Ω–∫–∏, –ª—É—á—à–∞—è —Ç—Ä–∞–Ω—Å–ø–æ—Ä—Ç–Ω–∞—è —Ä–∞–∑–≤—è–∑–∫–∞.
7500 –≥—Ä–Ω +–∫–æ–º/—É—Å–ª+ —É—Å–ª –ê–ù","[<p class=""css-65jx20-TextStyled er34gjf0""><span>–ë—ñ–∑–Ω–µ—Å</span></p>, <p class=""css-65jx20-TextStyled er34gjf0"">–ü–æ–≤–µ—Ä—Ö: 2</p>, <p class=""css-65jx20-TextStyled er34gjf0"">–ü–æ–≤–µ—Ä—Ö–æ–≤—ñ—Å—Ç—å: 2</p>, <p class=""css-65jx20-TextStyled er34gjf0"">–ó–∞–≥–∞–ª—å–Ω–∞ –ø–ª–æ—â–∞: 46 –º¬≤</p>, <p class=""css-65jx20-TextStyled er34gjf0"">–ü–ª–æ—â–∞ –∫—É—Ö–Ω—ñ: 6 –º¬≤</p>, <p class=""css-65jx20-TextStyled er34gjf0"">–¢–∏–ø —Å—Ç—ñ–Ω: –¶–µ–≥–ª—è–Ω–∏–π</p>, <p class=""css-65jx20-TextStyled er34gjf0"">–ö—ñ–ª—å–∫—ñ—Å—Ç—å –∫—ñ–º–Ω–∞—Ç: 1 –∫—ñ–º–Ω–∞—Ç–∞</p>, <p class=""css-65jx20-TextStyled er34gjf0"">C–∞–Ω–≤—É–∑–æ–ª: –°—É–º—ñ–∂–Ω–∏–π</p>, <p class=""css-65jx20-TextStyled er34gjf0"">–û–ø–∞–ª–µ–Ω–Ω—è: –Ü–Ω–¥–∏–≤—ñ–¥—É–∞–ª—å–Ω–µ –≥–∞–∑–æ–≤–µ</p>, <p class=""css-65jx20-TextStyled er34gjf0"">–†–µ–º–æ–Ω—Ç: –Ñ–≤—Ä–æ—Ä–µ–º–æ–Ω—Ç</p>, <p class=""css-65jx20-TextStyled er34gjf0"">–ú–µ–±–ª—é–≤–∞–Ω–Ω—è: –ó –º–µ–±–ª—è–º–∏</p>, <p class=""css-65jx20-TextStyled er34gjf0"">–ü–æ–±—É—Ç–æ–≤–∞ —Ç–µ—Ö–Ω—ñ–∫–∞: –ï–ª–µ–∫—Ç—Ä–æ—á–∞–π–Ω–∏–∫, –•–æ–ª–æ–¥–∏–ª—å–Ω–∏–∫, –í–∞—Ä–∏–ª—å–Ω–∞ –ø–∞–Ω–µ–ª—å, –ú—ñ–∫—Ä–æ—Ö–≤–∏–ª—å–æ–≤–∞ –ø—ñ—á, –ü–∏–ª–æ—Å–æ—Å, –ü—Ä–∞–ª—å–Ω–∞ –º–∞—à–∏–Ω–∞</p>, <p class=""css-65jx20-TextStyled er34gjf0"">–ú—É–ª—å—Ç–∏–º–µ–¥—ñ–∞: –ö–∞–±–µ–ª—å–Ω–µ, —Ü–∏—Ñ—Ä–æ–≤–µ –¢–ë, –¢–µ–ª–µ–≤—ñ–∑–æ—Ä, Wi-Fi</p>, <p class=""css-65jx20-TextStyled er34gjf0"">–ö–æ–º—Ñ–æ—Ä—Ç: –ú–µ–±–ª—ñ –Ω–∞ –∫—É—Ö–Ω—ñ, –î—É—à–æ–≤–∞ –∫–∞–±—ñ–Ω–∞, –ì–∞—Ä–¥–µ—Ä–æ–±</p>, <p class=""css-65jx20-TextStyled er34gjf0"">–ö–æ–º—É–Ω—ñ–∫–∞—Ü—ñ—ó: –ê—Å—Ñ–∞–ª—å—Ç–æ–≤–∞–Ω–∞ –¥–æ—Ä–æ–≥–∞, –¶–µ–Ω—Ç—Ä–∞–ª—å–Ω–∞ –∫–∞–Ω–∞–ª—ñ–∑–∞—Ü—ñ—è, –ï–ª–µ–∫—Ç—Ä–∏–∫–∞, –í–∏–≤—ñ–∑ –≤—ñ–¥—Ö–æ–¥—ñ–≤, –ì–∞–∑, –¶–µ–Ω—Ç—Ä–∞–ª—å–Ω–∏–π –≤–æ–¥–æ–ø—Ä–æ–≤—ñ–¥</p>, <p class=""css-65jx20-TextStyled er34gjf0"">–Ü–Ω—Ñ—Ä–∞—Å—Ç—Ä—É–∫—Ç—É—Ä–∞ (–¥–æ 500 –º–µ—Ç—Ä—ñ–≤): –í—ñ–¥–¥—ñ–ª–µ–Ω–Ω—è –±–∞–Ω–∫—É, –±–∞–Ω–∫–æ–º–∞—Ç, –¶–µ–Ω—Ç—Ä –º—ñ—Å—Ç–∞, –ê–ø—Ç–µ–∫–∞, –õ—ñ–∫–∞—Ä–Ω—è, –ø–æ–ª—ñ–∫–ª—ñ–Ω—ñ–∫–∞, –ú–µ—Ç—Ä–æ, –®–∫–æ–ª–∞, –ú–∞–≥–∞–∑–∏–Ω, –∫—ñ–æ—Å–∫, –°—É–ø–µ—Ä–º–∞—Ä–∫–µ—Ç, –¢–†–¶, –ó—É–ø–∏–Ω–∫–∞ —Ç—Ä–∞–Ω—Å–ø–æ—Ä—Ç—É</p>, <p class=""css-65jx20-TextStyled er34gjf0"">–õ–∞–Ω–¥—à–∞—Ñ—Ç (–¥–æ 1 –∫–º.): –†—ñ—á–∫–∞</p>, <p class=""css-65jx20-TextStyled er34gjf0"">–£—Å—ñ –æ–≥–æ–ª–æ—à–µ–Ω–Ω—è –∞–≤—Ç–æ—Ä–∞<style data-emotion-css=""d7r8uj"">.css-d7r8uj{height:16px;width:16px;color:#002F34;}</style><svg class=""css-d7r8uj"" height=""1em"" viewbox=""0 0 24 24"" width=""1em"" xmlns=""http://www.w3.org/2000/svg""><path d=""M7 2v1.414l1.271 1.27L15.586 12l-7.315 7.315L7 20.585V22h1.414l1.27-1.271L17 13.414l1-1v-.827l-3.942-3.942v-.001L9.686 3.271 8.413 2z"" fill=""currentColor"" fill-rule=""evenodd""></path></svg></p>]"
–°—å–æ–≥–æ–¥–Ω—ñ –æ 11:23,751443895,–°–¥–∞–º 1 –∫–æ–º–Ω–∞—Ç–Ω—É—é –∫–≤–∞—Ä—Ç–∏—Ä—É –≤ –Ω–∞—á–∞–ª–µ –ü—Ä–∞–≤–¥—ã ( –ø—Ä. –°–ª–æ–±–æ–∂–∞–Ω—Å–∫–∏–π),"–ü–æ –¥–∞–Ω–Ω–æ–º—É –æ–±—ä–µ–∫—Ç—É –Ω–µ —Å–æ—Ç—Ä—É–¥–Ω–∏—á–∞—é!
–°–¥–∞—ë—Ç—Å—è 1–∫.–∫–≤ –≤ –Ω–∞—á–∞–ª–µ –ü—Ä–∞–≤–¥—ã ( –æ—Å—Ç. –í–æ—Ä–æ–Ω—Ü–æ–≤–∞). –ö–≤–∞—Ä—Ç–∏—Ä–∞ —Å –º–µ–±–µ–ª—å—é –∏ —Ç–µ—Ö–Ω–∏–∫–æ–π. –î–∏–≤–∞–Ω, —à–∫–∞—Ñ-–∫—É–ø–µ, –∫–æ–º–æ–¥, –ø–∏—Å—å–º–µ–Ω–Ω—ã–π —Å—Ç–æ–ª, —Ç–µ–ª–µ–≤–∏–∑–æ—Ä, —Å—Ç–∏—Ä–∞–ª—å–Ω–∞—è –º–∞—à–∏–Ω–∫–∞, –≥–∞–∑–æ–≤–∞—è –∫–æ–ª–æ–Ω–∫–∞, –ø–µ—á–∫–∞, —Ö–æ–ª–æ–¥–∏–ª—å–Ω–∏–∫, –∫—É—Ö–Ω—è. 
–û—Ç–ª–∏—á–Ω–æ–µ –º–µ—Å—Ç–æ—Ä–∞—Å–ø–æ–ª–æ–∂–µ–Ω–∏–µ,   —Ö–æ—Ä–æ—à–æ —Ä–∞–∑–≤–∏—Ç–∞ –∏–Ω—Ñ—Ä–∞—Å—Ç—Ä—É–∫—Ç—É—Ä–∞. –î–æ –æ—Å—Ç–∞–Ω–æ–≤–∫–∏ 2 –º–∏–Ω—É—Ç—ã. –ó–≤–æ–Ω–∏—Ç–µ, –ª–∏–±–æ –ø–∏—à–∏—Ç–µ –≤ –≤–∞–π–±–µ—Ä,  —Ç–µ–ª–µ–≥—Ä–∞–º–º,  whats app","[<p class=""css-65jx20-TextStyled er34gjf0""><span>–ë—ñ–∑–Ω–µ—Å</span></p>, <p class=""css-65jx20-TextStyled er34gjf0"">–ü–æ–≤–µ—Ä—Ö: 2</p>, <p class=""css-65jx20-TextStyled er34gjf0"">–ü–æ–≤–µ—Ä—Ö–æ–≤—ñ—Å—Ç—å: 5</p>, <p class=""css-65jx20-TextStyled er34gjf0"">–ó–∞–≥–∞–ª—å–Ω–∞ –ø–ª–æ—â–∞: 32 –º¬≤</p>, <p class=""css-65jx20-TextStyled er34gjf0"">–ü–ª–æ—â–∞ –∫—É—Ö–Ω—ñ: 6 –º¬≤</p>, <p class=""css-65jx20-TextStyled er34gjf0"">–ö—ñ–ª—å–∫—ñ—Å—Ç—å –∫—ñ–º–Ω–∞—Ç: 1 –∫—ñ–º–Ω–∞—Ç–∞</p>, <p class=""css-65jx20-TextStyled er34gjf0"">–†–µ–º–æ–Ω—Ç: –ö–æ—Å–º–µ—Ç–∏—á–Ω–∏–π —Ä–µ–º–æ–Ω—Ç</p>, <p class=""css-65jx20-TextStyled er34gjf0"">–ú–µ–±–ª—é–≤–∞–Ω–Ω—è: –ó –º–µ–±–ª—è–º–∏</p>, <p class=""css-65jx20-TextStyled er34gjf0"">–£—Å—ñ –æ–≥–æ–ª–æ—à–µ–Ω–Ω—è –∞–≤—Ç–æ—Ä–∞<style data-emotion-css=""d7r8uj"">.css-d7r8uj{height:16px;width:16px;color:#002F34;}</style><svg class=""css-d7r8uj"" height=""1em"" viewbox=""0 0 24 24"" width=""1em"" xmlns=""http://www.w3.org/2000/svg""><path d=""M7 2v1.414l1.271 1.27L15.586 12l-7.315 7.315L7 20.585V22h1.414l1.27-1.271L17 13.414l1-1v-.827l-3.942-3.942v-.001L9.686 3.271 8.413 2z"" fill=""currentColor"" fill-rule=""evenodd""></path></svg></p>]"
